xrange,actual
0,0.03990610328638498
10,0.0
20,0.0
30,0.05555555555555555
40,0.08695652173913043
50,0.0
60,0.0
70,0.03225806451612903
80,0.0625
90,0.03608247422680412
